review_id,final_score,uncertainty,margin,disagreement,model_pred,llm_category,reviews.rating,snippet
R00398,0.8159,0.6332,0.9966,1.0,Product quality issue,Other,5.0,"I LOVE this!!!! Although it doesn't show color, (which is about the only thing I don't love about it) it is still very c..."
R00146,0.8121,0.6388,0.9634,1.0,Feature request,Other,5.0,First day with the echo show. I'm pretty pleased with it. Some observations that I think have not been hit in most revie...
R00432,0.8121,0.6304,0.9845,1.0,Product quality issue,Other,4.0,Amazon has just updated their bargain priced Fire tablets. While these latest models are only slightly better than the p...
R00434,0.7982,0.6081,0.9706,1.0,Product quality issue,Other,5.0,Much improved screen!It turns out that the 49.95 Fire 7 version released two years ago didn't have an IPS screen.Now it ...
R00902,0.7981,0.6153,0.9522,1.0,Product quality issue,Other,4.0,Love that it's 'interactive' as long as I'm connected to the wifi or via Bluetooth to my phone! The sound is pretty good...
R00719,0.7981,0.6193,0.942,1.0,Product quality issue,Other,5.0,I was looking for a blutooth speaker to use with my phone but I didn't want to worry about things being ordered on my am...
R01032,0.7965,0.5972,0.9898,1.0,Product quality issue,Other,5.0,Finally a protector that works on the fire Phone. It is as advertised. Probably the easiest one I have put on (I have pu...
R01047,0.796,0.6178,0.9356,1.0,Feature request,Other,5.0,"So far, this is doing what I wanted it to. I purchased it for having Alex hear me from my bedroom and my dining room. At..."
R00306,0.7941,0.5894,0.9969,1.0,Product quality issue,Other,5.0,"When I purchased my Kindle Fire HD 8, this was the recommended case at checkout. I purchased it thinking that an Amazon ..."
R00988,0.7937,0.6162,0.9279,1.0,Feature request,Other,5.0,"I have the Echo and a Dot and now the Tap, too. My only issue with the Tap is that I got it after the Echo. This means t..."
R01162,0.7935,0.6072,0.9494,1.0,Product quality issue,Other,5.0,"Product is what it is: if you're like me and moved and have NO CLUE where this little remote ended up, this is the one y..."
R00859,0.7883,0.6086,0.9199,1.0,Feature request,Other,5.0,"Full disclosure. I own five Amazon echos including a few Dots as well as this Tap, so obviously I'm a fan of echoes. Hon..."
R00510,0.7832,0.5818,0.9615,1.0,Product quality issue,Other,5.0,Was excited to get this product for its sheer portability alone (doesn't need to be plugged into an electrical outlet al...
R00486,0.7814,0.5977,0.9127,1.0,Product quality issue,Other,4.0,"To sum up what I will tell you about in the details below, for 229 you are getting a good deal on a tablet computer - es..."
R00646,0.7791,0.5724,0.9646,1.0,Feature request,Other,5.0,"Unlike the larger version, this does not need to be plugged in..making it portable....although you have to press the but..."
R00150,0.7767,0.5937,0.8992,1.0,Product quality issue,Other,5.0,I purposely waited almost 4 months before leaving a review. I wanted to see if any issues developed before leaving feedb...
R00575,0.7743,0.5635,0.9627,1.0,Feature request,Other,5.0,"This is a great on-the-go speaker. I like the fact that it sits on a charging cradle instead of having to plug in. Also,..."
R00090,0.7721,0.5734,0.927,1.0,Product quality issue,Other,5.0,"oh my effing word. this has better sound than my hp laptop. with one of the standing cases, you can turn it into a kitch..."
R00620,0.7697,0.5779,0.9037,1.0,Feature request,Other,4.0,"Echo sounds better for music, but Tap gives me portability. Good to have both. Now Tap is voice activated, so it's all g..."
R00558,0.7542,0.5491,0.8982,1.0,Feature request,Other,5.0,This product works great with my amazon account and best part is it does not listen too all my conversations. While it i...
R01034,0.7534,0.553,0.8844,1.0,Product quality issue,Other,5.0,"I tried 2 other screen protectors that claimed would work with the multiple cameras on the Fire phone, NAH! The Moshi An..."
R00292,0.7337,0.5216,0.8648,1.0,Product quality issue,Other,5.0,"As with other recent Fire covers by Amazon, the cover has a snap-in plastic shell that holds the Fire securely and will ..."
R00053,0.7281,0.5282,0.8201,1.0,Product quality issue,Other,5.0,"If you like the Kindle Fire HD then you will love the Kindle Fire HDX. The new device runs three times faster, is lighte..."
R01150,0.7257,0.5264,0.8124,1.0,Product quality issue,Other,5.0,"Well what to say This is a replacement remote, did I buy it due to one not working Nope the kids lost it and I wanted an..."
R00777,0.7223,0.513,0.8291,1.0,Feature request,Other,4.0,"Gave as a gift.Did not know you had to ""tap"" it before you talk. Thought it was like echo.Anyway, they still love it and..."
R00130,0.7107,0.4949,0.816,1.0,Feature request,Other,5.0,Echo Dot in my GMC Sierra Denali. At first she was just there with no support. She sat in that hole with no protection. ...
R00372,0.7107,0.4949,0.816,1.0,Feature request,Other,5.0,Echo Dot in my GMC Sierra Denali. At first she was just there with no support. She sat in that hole with no protection. ...
R00065,0.7107,0.4949,0.816,1.0,Feature request,Other,5.0,Echo Dot in my GMC Sierra Denali. At first she was just there with no support. She sat in that hole with no protection. ...
R00078,0.7107,0.4949,0.816,1.0,Feature request,Other,5.0,Echo Dot in my GMC Sierra Denali. At first she was just there with no support. She sat in that hole with no protection. ...
R00482,0.7001,0.4658,0.8362,1.0,Other,Product quality issue,5.0,"This is the middle model of the three models that Amazon is shipping this year: the Kindle Fire HD, the Kindle Fire HDX ..."
R01022,0.6967,0.4646,0.8221,1.0,Feature request,Other,4.0,This is a good alternative to the amazon echo. I like that supposedly it's not listening all the time and you have to hi...
R01045,0.6673,0.4566,0.6952,1.0,Product quality issue,Other,5.0,I got this great little remote and then spent half a day trying to get it to work properly. I was about to box it up and...
R00029,0.6378,0.3927,0.7073,1.0,Feature request,Other,4.0,"An Amazon.com official commented on this review(What's this) The Amazon team saysJuly 30, 2014Hi Dallas, thank you for s..."
R00026,0.6378,0.3927,0.7073,1.0,Feature request,Other,4.0,"An Amazon.com official commented on this review(What's this) The Amazon team saysJuly 30, 2014Hi Dallas, thank you for s..."
R00030,0.6378,0.3927,0.7073,1.0,Feature request,Other,4.0,"An Amazon.com official commented on this review(What's this) The Amazon team saysJuly 30, 2014Hi Dallas, thank you for s..."
R00713,0.517,0.6442,0.9742,0.0,Other,Other,5.0,I wanted the technology but didn't want something that listens to the ever-present conversation in my home. The Amazon T...
R00819,0.5077,0.6347,0.9518,0.0,Other,Other,5.0,"Didn't know I would like it this much, but it's wonderful. I use it mostly for streaming music from Pandora. I love that..."
R00731,0.505,0.6322,0.9443,0.0,Other,Other,4.0,It's pretty good for what it is designed to do: a portable bluetooth speaker and Alexa-enabled speaker. Not voice contro...
R00647,0.4919,0.5989,0.9623,0.0,Other,Other,5.0,The Amazon Tap puts out an impressive amount of sound for such a small device. A few things to note if you're not famili...
R00907,0.4904,0.5874,0.9835,0.0,Other,Other,5.0,"As a bluetooth speaker, the Tap rocks! The sound quality is excellent, plenty loud when needed, and excellent quality wi..."
R00556,0.4893,0.6126,0.9148,0.0,Other,Other,5.0,Looked at the Echo before we bought this and I would have been a fool to buy it when you have to add a battery to make i...
R00441,0.4889,0.6097,0.9201,0.0,Other,Other,5.0,Thanks for taking the time to read this review!This re-release of a critically acclaimed device is quite honestly a gran...
R00454,0.4887,0.6134,0.9103,0.0,Other,Other,5.0,I have been using advanced technology for the last 20 years. It was born out of necessity not convenience. My wife passe...
R00232,0.4879,0.6093,0.916,0.0,Other,Other,5.0,"This is a wonderful streaming device. I have been an Apple TV man since 2008, but I have decided that I just might never..."
R00239,0.4843,0.5859,0.9568,0.0,Other,Other,5.0,This was SO easy to set up. We were up running in less than 10 minutes and WOW. This is primarily my hubby's toy (I play...
R00091,0.4842,0.5686,0.9994,0.0,Other,Other,5.0,I'm writing this review with the benefit of being an experienced Kindle Fire user vs. someone brand new to the Kindle fa...
R00588,0.4839,0.6047,0.9079,0.0,Other,Other,5.0,"A nice complement to the Alexa family. The sound quality is nearly as good as the original Echo, and the voice activatio..."
R00488,0.483,0.5799,0.9653,0.0,Other,Other,5.0,"IMPORTANT UPDATE (3/8/17): As you read my original review, please be aware that Amazon announced in early February (2017..."
R00259,0.4766,0.5603,0.9825,0.0,Other,Other,5.0,"Over the years, I've tried a variety of cases for the various models of Kindle and Fire tablet that I've purchased from ..."
R00440,0.4737,0.5914,0.8899,0.0,Other,Other,5.0,I am a prime member. This was my first purchase of Echo and I gave it to my mom who did not want it or think she needed ...
